Feature,Percentage Nan Values,Amount Nan Values
Age,0.19865319865319866,177.0
Cabin,0.7710437710437711,687.0
Embarked,0.002244668911335578,2.0
